sheet_id,freight_class,weight_group_min_lb,rate_per_cwt
ARW-2609,50,0,61.40
ARW-2609,50,500,50.96
ARW-2609,50,1000,42.37
ARW-2609,50,2000,35.00
ARW-2609,55,0,66.31
ARW-2609,55,500,55.04
ARW-2609,55,1000,45.76
ARW-2609,55,2000,37.80
ARW-2609,60,0,71.22
ARW-2609,60,500,59.12
ARW-2609,60,1000,49.14
ARW-2609,60,2000,40.60
ARW-2609,65,0,76.75
ARW-2609,65,500,63.70
ARW-2609,65,1000,52.96
ARW-2609,65,2000,43.75
ARW-2609,70,0,82.28
ARW-2609,70,500,68.29
ARW-2609,70,1000,56.77
ARW-2609,70,2000,46.90
ARW-2609,85,0,93.33
ARW-2609,85,500,77.46
ARW-2609,85,1000,64.40
ARW-2609,85,2000,53.20
ARW-2609,92.5,0,99.47
ARW-2609,92.5,500,82.56
ARW-2609,92.5,1000,68.63
ARW-2609,92.5,2000,56.70
ARW-2609,100,0,107.45
ARW-2609,100,500,89.18
ARW-2609,100,1000,74.14
ARW-2609,100,2000,61.25
ARW-2609,125,0,125.87
ARW-2609,125,500,104.47
ARW-2609,125,1000,86.85
ARW-2609,125,2000,71.75
ARW-2609,150,0,141.22
ARW-2609,150,500,117.21
ARW-2609,150,1000,97.44
ARW-2609,150,2000,80.50
ARW-2609,175,0,156.57
ARW-2609,175,500,129.95
ARW-2609,175,1000,108.03
ARW-2609,175,2000,89.24
ARW-2610,50,0,59.80
ARW-2610,50,500,49.63
ARW-2610,50,1000,41.26
ARW-2610,50,2000,34.09
ARW-2610,55,0,64.58
ARW-2610,55,500,53.60
ARW-2610,55,1000,44.56
ARW-2610,55,2000,36.81
ARW-2610,60,0,69.37
ARW-2610,60,500,57.58
ARW-2610,60,1000,47.86
ARW-2610,60,2000,39.54
ARW-2610,65,0,74.75
ARW-2610,65,500,62.04
ARW-2610,65,1000,51.58
ARW-2610,65,2000,42.61
ARW-2610,70,0,80.13
ARW-2610,70,500,66.51
ARW-2610,70,1000,55.29
ARW-2610,70,2000,45.68
ARW-2610,85,0,90.90
ARW-2610,85,500,75.44
ARW-2610,85,1000,62.72
ARW-2610,85,2000,51.81
ARW-2610,92.5,0,96.88
ARW-2610,92.5,500,80.41
ARW-2610,92.5,1000,66.84
ARW-2610,92.5,2000,55.22
ARW-2610,100,0,104.65
ARW-2610,100,500,86.86
ARW-2610,100,1000,72.21
ARW-2610,100,2000,59.65
ARW-2610,125,0,122.59
ARW-2610,125,500,101.75
ARW-2610,125,1000,84.59
ARW-2610,125,2000,69.88
ARW-2610,150,0,137.54
ARW-2610,150,500,114.16
ARW-2610,150,1000,94.90
ARW-2610,150,2000,78.40
ARW-2610,175,0,152.49
ARW-2610,175,500,126.57
ARW-2610,175,1000,105.22
ARW-2610,175,2000,86.92
ARW-2610,250,0,197.34
ARW-2610,250,500,163.79
ARW-2610,250,1000,136.16
ARW-2610,250,2000,112.48
BLT-2609,50,0,58.90
BLT-2609,50,500,48.89
BLT-2609,50,1000,40.64
BLT-2609,50,2000,33.57
BLT-2609,55,0,63.61
BLT-2609,55,500,52.80
BLT-2609,55,1000,43.89
BLT-2609,55,2000,36.26
BLT-2609,60,0,68.32
BLT-2609,60,500,56.71
BLT-2609,60,1000,47.14
BLT-2609,60,2000,38.94
BLT-2609,65,0,73.63
BLT-2609,65,500,61.11
BLT-2609,65,1000,50.80
BLT-2609,65,2000,41.97
BLT-2609,70,0,78.93
BLT-2609,70,500,65.51
BLT-2609,70,1000,54.46
BLT-2609,70,2000,44.99
BLT-2609,85,0,89.53
BLT-2609,85,500,74.31
BLT-2609,85,1000,61.77
BLT-2609,85,2000,51.03
BLT-2609,100,0,103.08
BLT-2609,100,500,85.55
BLT-2609,100,1000,71.12
BLT-2609,100,2000,58.75
BLT-2609,125,0,120.75
BLT-2609,125,500,100.22
BLT-2609,125,1000,83.31
BLT-2609,125,2000,68.82
BLT-2609,175,0,150.20
BLT-2609,175,500,124.66
BLT-2609,175,1000,103.63
BLT-2609,175,2000,85.61
BLT-2609,250,0,194.37
BLT-2609,250,500,161.33
BLT-2609,250,1000,134.12
BLT-2609,250,2000,110.79
CRS-2609,55,0,65.02
CRS-2609,55,500,53.96
CRS-2609,55,1000,44.86
CRS-2609,55,2000,37.06
CRS-2609,60,0,69.83
CRS-2609,60,500,57.96
CRS-2609,60,1000,48.18
CRS-2609,60,2000,39.80
CRS-2609,65,0,75.25
CRS-2609,65,500,62.46
CRS-2609,65,1000,51.92
CRS-2609,65,2000,42.89
CRS-2609,70,0,80.67
CRS-2609,70,500,66.95
CRS-2609,70,1000,55.66
CRS-2609,70,2000,45.98
CRS-2609,85,0,91.50
CRS-2609,85,500,75.95
CRS-2609,85,1000,63.14
CRS-2609,85,2000,52.16
CRS-2609,92.5,0,97.52
CRS-2609,92.5,500,80.94
CRS-2609,92.5,1000,67.29
CRS-2609,92.5,2000,55.59
CRS-2609,100,0,105.35
CRS-2609,100,500,87.44
CRS-2609,100,1000,72.69
CRS-2609,100,2000,60.05
CRS-2609,125,0,123.41
CRS-2609,125,500,102.43
CRS-2609,125,1000,85.15
CRS-2609,125,2000,70.34
CRS-2609,150,0,138.46
CRS-2609,150,500,114.92
CRS-2609,150,1000,95.54
CRS-2609,150,2000,78.92
CRS-2609,175,0,153.51
CRS-2609,175,500,127.41
CRS-2609,175,1000,105.92
CRS-2609,175,2000,87.50
CRS-2609,250,0,198.66
CRS-2609,250,500,164.89
CRS-2609,250,1000,137.08
CRS-2609,250,2000,113.24
CRS-2609,300,0,234.78
CRS-2609,300,500,194.87
CRS-2609,300,1000,162.00
CRS-2609,300,2000,133.82
CRS-2610,55,0,65.88
CRS-2610,55,500,54.68
CRS-2610,55,1000,45.46
CRS-2610,55,2000,37.55
CRS-2610,60,0,70.76
CRS-2610,60,500,58.73
CRS-2610,60,1000,48.82
CRS-2610,60,2000,40.33
CRS-2610,65,0,76.25
CRS-2610,65,500,63.29
CRS-2610,65,1000,52.61
CRS-2610,65,2000,43.46
CRS-2610,70,0,81.74
CRS-2610,70,500,67.84
CRS-2610,70,1000,56.40
CRS-2610,70,2000,46.59
CRS-2610,85,0,92.72
CRS-2610,85,500,76.96
CRS-2610,85,1000,63.98
CRS-2610,85,2000,52.85
CRS-2610,92.5,0,98.82
CRS-2610,92.5,500,82.02
CRS-2610,92.5,1000,68.19
CRS-2610,92.5,2000,56.33
CRS-2610,100,0,106.75
CRS-2610,100,500,88.60
CRS-2610,100,1000,73.66
CRS-2610,100,2000,60.85
CRS-2610,125,0,125.05
CRS-2610,125,500,103.79
CRS-2610,125,1000,86.28
CRS-2610,125,2000,71.28
CRS-2610,150,0,140.30
CRS-2610,150,500,116.45
CRS-2610,150,1000,96.81
CRS-2610,150,2000,79.97
CRS-2610,175,0,155.55
CRS-2610,175,500,129.11
CRS-2610,175,1000,107.33
CRS-2610,175,2000,88.66
CRS-2610,250,0,201.30
CRS-2610,250,500,167.08
CRS-2610,250,1000,138.90
CRS-2610,250,2000,114.74
CRS-2610,300,0,237.90
CRS-2610,300,500,197.46
CRS-2610,300,1000,164.15
CRS-2610,300,2000,135.60
DLT-2608,50,0,60.10
DLT-2608,50,500,49.88
DLT-2608,50,1000,41.47
DLT-2608,50,2000,34.26
DLT-2608,55,0,64.91
DLT-2608,55,500,53.87
DLT-2608,55,1000,44.79
DLT-2608,55,2000,37.00
DLT-2608,60,0,69.72
DLT-2608,60,500,57.86
DLT-2608,60,1000,48.10
DLT-2608,60,2000,39.74
DLT-2608,65,0,75.13
DLT-2608,65,500,62.35
DLT-2608,65,1000,51.84
DLT-2608,65,2000,42.82
DLT-2608,70,0,80.53
DLT-2608,70,500,66.84
DLT-2608,70,1000,55.57
DLT-2608,70,2000,45.90
DLT-2608,85,0,91.35
DLT-2608,85,500,75.82
DLT-2608,85,1000,63.03
DLT-2608,85,2000,52.07
DLT-2608,92.5,0,97.36
DLT-2608,92.5,500,80.81
DLT-2608,92.5,1000,67.18
DLT-2608,92.5,2000,55.50
DLT-2608,100,0,105.18
DLT-2608,100,500,87.30
DLT-2608,100,1000,72.57
DLT-2608,100,2000,59.95
DLT-2608,125,0,123.21
DLT-2608,125,500,102.26
DLT-2608,125,1000,85.01
DLT-2608,125,2000,70.23
DLT-2608,175,0,153.26
DLT-2608,175,500,127.20
DLT-2608,175,1000,105.75
DLT-2608,175,2000,87.36
DLT-2609,50,0,63.50
DLT-2609,50,500,52.71
DLT-2609,50,1000,43.82
DLT-2609,50,2000,36.20
DLT-2609,55,0,68.58
DLT-2609,55,500,56.92
DLT-2609,55,1000,47.32
DLT-2609,55,2000,39.09
DLT-2609,60,0,73.66
DLT-2609,60,500,61.14
DLT-2609,60,1000,50.83
DLT-2609,60,2000,41.99
DLT-2609,65,0,79.38
DLT-2609,65,500,65.88
DLT-2609,65,1000,54.77
DLT-2609,65,2000,45.24
DLT-2609,70,0,85.09
DLT-2609,70,500,70.62
DLT-2609,70,1000,58.71
DLT-2609,70,2000,48.50
DLT-2609,85,0,96.52
DLT-2609,85,500,80.11
DLT-2609,85,1000,66.60
DLT-2609,85,2000,55.02
DLT-2609,92.5,0,102.87
DLT-2609,92.5,500,85.38
DLT-2609,92.5,1000,70.98
DLT-2609,92.5,2000,58.64
DLT-2609,100,0,111.13
DLT-2609,100,500,92.23
DLT-2609,100,1000,76.68
DLT-2609,100,2000,63.34
DLT-2609,125,0,130.18
DLT-2609,125,500,108.05
DLT-2609,125,1000,89.82
DLT-2609,125,2000,74.20
DLT-2609,150,0,146.05
DLT-2609,150,500,121.22
DLT-2609,150,1000,100.77
DLT-2609,150,2000,83.25
EXL-2609,60,0,72.73
EXL-2609,60,500,60.37
EXL-2609,60,1000,50.19
EXL-2609,60,2000,41.46
EXL-2609,65,0,78.38
EXL-2609,65,500,65.05
EXL-2609,65,1000,54.08
EXL-2609,65,2000,44.67
EXL-2609,70,0,84.02
EXL-2609,70,500,69.73
EXL-2609,70,1000,57.97
EXL-2609,70,2000,47.89
EXL-2609,85,0,95.30
EXL-2609,85,500,79.10
EXL-2609,85,1000,65.76
EXL-2609,85,2000,54.32
EXL-2609,92.5,0,101.57
EXL-2609,92.5,500,84.31
EXL-2609,92.5,1000,70.09
EXL-2609,92.5,2000,57.90
EXL-2609,100,0,109.73
EXL-2609,100,500,91.07
EXL-2609,100,1000,75.71
EXL-2609,100,2000,62.54
EXL-2609,125,0,128.54
EXL-2609,125,500,106.68
EXL-2609,125,1000,88.69
EXL-2609,125,2000,73.26
EXL-2609,150,0,144.21
EXL-2609,150,500,119.69
EXL-2609,150,1000,99.50
EXL-2609,150,2000,82.20
EXL-2609,175,0,159.89
EXL-2609,175,500,132.70
EXL-2609,175,1000,110.32
EXL-2609,175,2000,91.13
EXL-2609,250,0,206.91
EXL-2609,250,500,171.74
EXL-2609,250,1000,142.77
EXL-2609,250,2000,117.94
EXL-2609,300,0,244.53
EXL-2609,300,500,202.96
EXL-2609,300,1000,168.73
EXL-2609,300,2000,139.38
EXL-2609,400,0,300.96
EXL-2609,400,500,249.80
EXL-2609,400,1000,207.66
EXL-2609,400,2000,171.55
