shipment_id,bol_revision,unit_id,nmfc_item,unit_type,length_in,width_in,height_in,diameter_in,weight_lb,handling_note
BOL-40817,1,PU-88213,24150,PALLET,48,40,46,,455,
BOL-40817,1,PU-88214,24150,PALLET,48,40,44,,455,
BOL-40952,1,DR-3301,48620,DRUM,,,34.25,22.5,140,
BOL-40952,1,DR-3302,48620,DRUM,,,34.25,22.5,140,
BOL-40952,1,DR-3303,48620,DRUM,,,34.25,22.5,140,
BOL-40952,1,DR-3304,48620,DRUM,,,34.25,22.5,140,
BOL-41306,1,DR-3390,158850,DRUM,,,34.5,23.5,520,keep upright
BOL-41306,1,DR-3391,158850,DRUM,,,34.5,23.5,520,keep upright
BOL-40633,1,PU-87740,79260,PALLET,48,40,44,,300,Top load only
BOL-40633,1,PU-87741,79260,PALLET,48,40,44,,300,Top load only
BOL-41178,1,CR-5120,82240,CRATE,60,36,50,,260,Fragile - no freight on top
BOL-40721,1,PU-88002,61320,PALLET,42,42,30,,850,DO NOT STACK
BOL-40721,1,PU-88003,61320,PALLET,42,42,30,,850,DO NOT STACK
BOL-41022,1,PU-88390,24150,PALLET,47.5,39.5,40.25,,670,
BOL-40588,1,SK-2210,110550,SKID,96.5,24.25,18.5,,580,stack max 2 high
BOL-41290,1,PU-88611,24150,PALLET,48,40,30,,900,
BOL-41290,1,PU-88612,24150,PALLET,48,40,48,,380,
BOL-40864,1,PU-87901,79260,PALLET,48,40,50,,310,
BOL-40864,1,PU-87902,79260,PALLET,48,40,50,,310,
BOL-40864,1,PU-87903,79260,PALLET,48,40,40,,220,
BOL-40864,2,PU-87901,79260,PALLET,48,40,50,,310,
BOL-40864,2,PU-87903,79260,PALLET,48,40,46,,240,
BOL-41145,1,PU-88740,133330,PALLET,48,48,42,,1160,
BOL-41145,1,PU-88741,133330,PALLET,48,48,42,,1160,
BOL-41145,1,PU-88741,133330,PALLET,48,48,42,,1160,
BOL-40779,1,PU-88120,61320,PALLET,48,40,36,,600,
BOL-41233,1,PU-88655,79260,PALLET,48,40,54,,360,
BOL-40996,1,PU-88298,87730,PALLET,40,48,36,,500,
BOL-41061,1,PU-88431,116030,PALLET,48,45,48,,780,
BOL-41187,1,PU-88502,110550,SKID,96,24,20,,615,
BOL-41199,1,PU-88518,156610,PALLET,48,48,60,,212,
BOL-40701,1,PU-87995,24150,PALLET,48,40,40,,700,
BOL-40912,1,PU-88260,24150,PALLET,40,48,24,,260,
BOL-41354,1,PU-88790,82240,CRATE,72,40,44,,690,
BOL-41354,1,PU-88791,82240,CRATE,72,40,44,,690,
BOL-40680,1,PU-87950,110550,SKID,96,30,16,,1480,
BOL-40680,1,PU-87951,110550,SKID,96,30,16,,1480,
BOL-40745,1,PU-88040,24150,PALLET,48,40,40,,820,
BOL-41267,1,PU-88601,79260,PALLET,48,40,60,,420,No stacking
BOL-41267,1,PU-88602,79260,PALLET,48,40,60,,420,
