shipment_id,pickup_date,deliver_by,consignee_id,status,bol_class
BOL-40817,2026-10-08,2026-10-16,CN-104,BOOK,70
BOL-40952,2026-10-09,2026-10-19,CN-141,BOOK,70
BOL-41306,2026-10-13,2026-10-20,CN-117,BOOK,50
BOL-40633,2026-10-08,2026-10-15,CN-156,BOOK,125
BOL-41178,2026-10-12,2026-10-16,CN-192,BOOK,175
BOL-40721,2026-10-09,2026-10-16,CN-122,BOOK,65
BOL-41022,2026-10-13,2026-10-19,CN-185,BOOK,70
BOL-40588,2026-10-08,2026-10-15,CN-163,BOOK,65
BOL-41290,2026-10-14,2026-10-21,CN-104,BOOK,125
BOL-40864,2026-10-09,2026-10-16,CN-138,BOOK,175
BOL-41145,2026-10-13,2026-10-20,CN-141,BOOK,70
BOL-40779,2026-10-08,2026-10-15,CN-185,BOOK,85
BOL-41233,2026-10-14,2026-10-21,CN-156,BOOK,175
BOL-40996,2026-10-09,2026-10-16,CN-117,BOOK,85
BOL-41061,2026-10-13,2026-10-20,CN-192,BOOK,85
BOL-41187,2026-10-12,2026-10-19,CN-185,BOOK,70
BOL-41199,2026-10-12,2026-10-19,CN-163,BOOK,150
BOL-40701,2026-10-08,2026-10-13,CN-192,BOOK,85
BOL-40912,2026-10-09,2026-10-15,CN-192,BOOK,70
BOL-41354,2026-10-14,2026-10-22,CN-170,BOOK,85
BOL-40680,2026-10-08,2026-10-15,CN-117,BOOK,60
BOL-40745,2026-10-09,2026-10-16,CN-122,CANCELLED,70
BOL-41267,2026-10-14,2026-10-21,CN-138,BOOK,125
BOL-40826,2026-10-08,2026-10-15,CN-104,BOOK,85
BOL-41318,2026-10-13,2026-10-20,CN-122,BOOK,100
BOL-40943,2026-10-09,2026-10-16,CN-185,BOOK,70
BOL-41342,2026-10-14,2026-10-21,CN-141,BOOK,70
